rg,id,id2,type,breidd,lengd,year,nr,grein,tolulidur,undirlidur,heiti,dags_fra,dags_til,v1,v2,v3,v5,v6,v7,v8,v9,v14,ath,title,ref
2007_310,1,1,mixture,653600,263500,2007,310,1,1,NA,Vesturland,2007-04-04,NA,0,0,0,0,1,1,0,0,0,NA,Reglugerð um friðunarsvæði við Ísland,http://www.reglugerd.is/interpro/dkm/WebGuard.nsf/2d8cdab9a540c73600256a0d0055eeb1/24d05c44a983604e002572c30030a382?OpenDocument
2007_310,1,2,mixture,652900,264600,2007,310,1,1,NA,Vesturland,2007-04-04,NA,0,0,0,0,1,1,0,0,0,NA,Reglugerð um friðunarsvæði við Ísland,http://www.reglugerd.is/interpro/dkm/WebGuard.nsf/2d8cdab9a540c73600256a0d0055eeb1/24d05c44a983604e002572c30030a382?OpenDocument
2007_310,1,3,mixture,643800,264600,2007,310,1,1,NA,Vesturland,2007-04-04,NA,0,0,0,0,1,1,0,0,0,NA,Reglugerð um friðunarsvæði við Ísland,http://www.reglugerd.is/interpro/dkm/WebGuard.nsf/2d8cdab9a540c73600256a0d0055eeb1/24d05c44a983604e002572c30030a382?OpenDocument
2007_310,1,4,mixture,643800,264000,2007,310,1,1,NA,Vesturland,2007-04-04,NA,0,0,0,0,1,1,0,0,0,NA,Reglugerð um friðunarsvæði við Ísland,http://www.reglugerd.is/interpro/dkm/WebGuard.nsf/2d8cdab9a540c73600256a0d0055eeb1/24d05c44a983604e002572c30030a382?OpenDocument
2007_310,1,5,mixture,640050,260766,2007,310,1,1,NA,Vesturland,2007-04-04,NA,0,0,0,0,1,1,0,0,0,NA,Reglugerð um friðunarsvæði við Ísland,http://www.reglugerd.is/interpro/dkm/WebGuard.nsf/2d8cdab9a540c73600256a0d0055eeb1/24d05c44a983604e002572c30030a382?OpenDocument
2007_310,1,6,mixture,641000,253700,2007,310,1,1,NA,Vesturland,2007-04-04,NA,0,0,0,0,1,1,0,0,0,NA,Reglugerð um friðunarsvæði við Ísland,http://www.reglugerd.is/interpro/dkm/WebGuard.nsf/2d8cdab9a540c73600256a0d0055eeb1/24d05c44a983604e002572c30030a382?OpenDocument
2007_310,1,7,mixture,635300,250700,2007,310,1,1,NA,Vesturland,2007-04-04,NA,0,0,0,0,1,1,0,0,0,NA,Reglugerð um friðunarsvæði við Ísland,http://www.reglugerd.is/interpro/dkm/WebGuard.nsf/2d8cdab9a540c73600256a0d0055eeb1/24d05c44a983604e002572c30030a382?OpenDocument
2007_310,1,8,mixture,633800,254500,2007,310,1,1,NA,Vesturland,2007-04-04,NA,0,0,0,0,1,1,0,0,0,NA,Reglugerð um friðunarsvæði við Ísland,http://www.reglugerd.is/interpro/dkm/WebGuard.nsf/2d8cdab9a540c73600256a0d0055eeb1/24d05c44a983604e002572c30030a382?OpenDocument
2007_310,1,9,mixture,630650,244430,2007,310,1,1,NA,Vesturland,2007-04-04,NA,0,0,0,0,1,1,0,0,0,NA,Reglugerð um friðunarsvæði við Ísland,http://www.reglugerd.is/interpro/dkm/WebGuard.nsf/2d8cdab9a540c73600256a0d0055eeb1/24d05c44a983604e002572c30030a382?OpenDocument
2007_310,1,10,mixture,631170,242585,2007,310,1,1,NA,Vesturland,2007-04-04,NA,0,0,0,0,1,1,0,0,0,NA,Reglugerð um friðunarsvæði við Ísland,http://www.reglugerd.is/interpro/dkm/WebGuard.nsf/2d8cdab9a540c73600256a0d0055eeb1/24d05c44a983604e002572c30030a382?OpenDocument
2007_310,1,11,mixture,630900,242400,2007,310,1,1,NA,Vesturland,2007-04-04,NA,0,0,0,0,1,1,0,0,0,NA,Reglugerð um friðunarsvæði við Ísland,http://www.reglugerd.is/interpro/dkm/WebGuard.nsf/2d8cdab9a540c73600256a0d0055eeb1/24d05c44a983604e002572c30030a382?OpenDocument
2007_310,1,12,mixture,630600,242570,2007,310,1,1,NA,Vesturland,2007-04-04,NA,0,0,0,0,1,1,0,0,0,NA,Reglugerð um friðunarsvæði við Ísland,http://www.reglugerd.is/interpro/dkm/WebGuard.nsf/2d8cdab9a540c73600256a0d0055eeb1/24d05c44a983604e002572c30030a382?OpenDocument
2007_310,1,13,mixture,630300,243200,2007,310,1,1,NA,Vesturland,2007-04-04,NA,0,0,0,0,1,1,0,0,0,NA,Reglugerð um friðunarsvæði við Ísland,http://www.reglugerd.is/interpro/dkm/WebGuard.nsf/2d8cdab9a540c73600256a0d0055eeb1/24d05c44a983604e002572c30030a382?OpenDocument
2007_310,1,14,mixture,630140,243800,2007,310,1,1,NA,Vesturland,2007-04-04,NA,0,0,0,0,1,1,0,0,0,NA,Reglugerð um friðunarsvæði við Ísland,http://www.reglugerd.is/interpro/dkm/WebGuard.nsf/2d8cdab9a540c73600256a0d0055eeb1/24d05c44a983604e002572c30030a382?OpenDocument
2007_310,1,15,mixture,630100,243780,2007,310,1,1,NA,Vesturland,2007-04-04,NA,0,0,0,0,1,1,0,0,0,NA,Reglugerð um friðunarsvæði við Ísland,http://www.reglugerd.is/interpro/dkm/WebGuard.nsf/2d8cdab9a540c73600256a0d0055eeb1/24d05c44a983604e002572c30030a382?OpenDocument
2007_310,1,16,mixture,625870,244470,2007,310,1,1,NA,Vesturland,2007-04-04,NA,0,0,0,0,1,1,0,0,0,NA,Reglugerð um friðunarsvæði við Ísland,http://www.reglugerd.is/interpro/dkm/WebGuard.nsf/2d8cdab9a540c73600256a0d0055eeb1/24d05c44a983604e002572c30030a382?OpenDocument
2007_310,1,17,mixture,631900,253200,2007,310,1,1,NA,Vesturland,2007-04-04,NA,0,0,0,0,1,1,0,0,0,NA,Reglugerð um friðunarsvæði við Ísland,http://www.reglugerd.is/interpro/dkm/WebGuard.nsf/2d8cdab9a540c73600256a0d0055eeb1/24d05c44a983604e002572c30030a382?OpenDocument
2007_310,1,18,mixture,632400,254500,2007,310,1,1,NA,Vesturland,2007-04-04,NA,0,0,0,0,1,1,0,0,0,NA,Reglugerð um friðunarsvæði við Ísland,http://www.reglugerd.is/interpro/dkm/WebGuard.nsf/2d8cdab9a540c73600256a0d0055eeb1/24d05c44a983604e002572c30030a382?OpenDocument
2007_310,1,19,mixture,633500,260600,2007,310,1,1,NA,Vesturland,2007-04-04,NA,0,0,0,0,1,1,0,0,0,NA,Reglugerð um friðunarsvæði við Ísland,http://www.reglugerd.is/interpro/dkm/WebGuard.nsf/2d8cdab9a540c73600256a0d0055eeb1/24d05c44a983604e002572c30030a382?OpenDocument
2007_310,1,20,mixture,634500,261700,2007,310,1,1,NA,Vesturland,2007-04-04,NA,0,0,0,0,1,1,0,0,0,NA,Reglugerð um friðunarsvæði við Ísland,http://www.reglugerd.is/interpro/dkm/WebGuard.nsf/2d8cdab9a540c73600256a0d0055eeb1/24d05c44a983604e002572c30030a382?OpenDocument
2007_310,1,21,mixture,635300,263200,2007,310,1,1,NA,Vesturland,2007-04-04,NA,0,0,0,0,1,1,0,0,0,NA,Reglugerð um friðunarsvæði við Ísland,http://www.reglugerd.is/interpro/dkm/WebGuard.nsf/2d8cdab9a540c73600256a0d0055eeb1/24d05c44a983604e002572c30030a382?OpenDocument
2007_310,1,22,mixture,642500,265800,2007,310,1,1,NA,Vesturland,2007-04-04,NA,0,0,0,0,1,1,0,0,0,NA,Reglugerð um friðunarsvæði við Ísland,http://www.reglugerd.is/interpro/dkm/WebGuard.nsf/2d8cdab9a540c73600256a0d0055eeb1/24d05c44a983604e002572c30030a382?OpenDocument
2007_310,1,23,mixture,645500,271400,2007,310,1,1,NA,Vesturland,2007-04-04,NA,0,0,0,0,1,1,0,0,0,NA,Reglugerð um friðunarsvæði við Ísland,http://www.reglugerd.is/interpro/dkm/WebGuard.nsf/2d8cdab9a540c73600256a0d0055eeb1/24d05c44a983604e002572c30030a382?OpenDocument
2007_310,1,24,mixture,652600,271600,2007,310,1,1,NA,Vesturland,2007-04-04,NA,0,0,0,0,1,1,0,0,0,NA,Reglugerð um friðunarsvæði við Ísland,http://www.reglugerd.is/interpro/dkm/WebGuard.nsf/2d8cdab9a540c73600256a0d0055eeb1/24d05c44a983604e002572c30030a382?OpenDocument
2007_310,1,25,mixture,653600,265500,2007,310,1,1,NA,Vesturland,2007-04-04,NA,0,0,0,0,1,1,0,0,0,NA,Reglugerð um friðunarsvæði við Ísland,http://www.reglugerd.is/interpro/dkm/WebGuard.nsf/2d8cdab9a540c73600256a0d0055eeb1/24d05c44a983604e002572c30030a382?OpenDocument
2007_310,2,1,temporary,641000,253700,2007,310,1,1,A,Vesturland,2007-04-04,NA,0,0,0,0,1,1,0,0,0,NA,Reglugerð um friðunarsvæði við Ísland,http://www.reglugerd.is/interpro/dkm/WebGuard.nsf/2d8cdab9a540c73600256a0d0055eeb1/24d05c44a983604e002572c30030a382?OpenDocument
2007_310,2,2,temporary,635300,250700,2007,310,1,1,A,Vesturland,2007-04-04,NA,0,0,0,0,1,1,0,0,0,NA,Reglugerð um friðunarsvæði við Ísland,http://www.reglugerd.is/interpro/dkm/WebGuard.nsf/2d8cdab9a540c73600256a0d0055eeb1/24d05c44a983604e002572c30030a382?OpenDocument
2007_310,2,3,temporary,635000,254000,2007,310,1,1,A,Vesturland,2007-04-04,NA,0,0,0,0,1,1,0,0,0,NA,Reglugerð um friðunarsvæði við Ísland,http://www.reglugerd.is/interpro/dkm/WebGuard.nsf/2d8cdab9a540c73600256a0d0055eeb1/24d05c44a983604e002572c30030a382?OpenDocument
2007_310,2,4,temporary,635000,260900,2007,310,1,1,A,Vesturland,2007-04-04,NA,0,0,0,0,1,1,0,0,0,NA,Reglugerð um friðunarsvæði við Ísland,http://www.reglugerd.is/interpro/dkm/WebGuard.nsf/2d8cdab9a540c73600256a0d0055eeb1/24d05c44a983604e002572c30030a382?OpenDocument
2007_310,2,5,temporary,635300,261300,2007,310,1,1,A,Vesturland,2007-04-04,NA,0,0,0,0,1,1,0,0,0,NA,Reglugerð um friðunarsvæði við Ísland,http://www.reglugerd.is/interpro/dkm/WebGuard.nsf/2d8cdab9a540c73600256a0d0055eeb1/24d05c44a983604e002572c30030a382?OpenDocument
2007_310,2,6,temporary,640050,260766,2007,310,1,1,A,Vesturland,2007-04-04,NA,0,0,0,0,1,1,0,0,0,NA,Reglugerð um friðunarsvæði við Ísland,http://www.reglugerd.is/interpro/dkm/WebGuard.nsf/2d8cdab9a540c73600256a0d0055eeb1/24d05c44a983604e002572c30030a382?OpenDocument
2007_310,3,1,temporary,632677,252325,2007,310,1,1,B,Mehlsack,2007-04-04,NA,0,0,0,0,1,1,0,0,0,NA,Reglugerð um friðunarsvæði við Ísland,http://www.reglugerd.is/interpro/dkm/WebGuard.nsf/2d8cdab9a540c73600256a0d0055eeb1/24d05c44a983604e002572c30030a382?OpenDocument
2007_310,3,2,temporary,630650,244430,2007,310,1,1,B,Mehlsack,2007-04-04,NA,0,0,0,0,1,1,0,0,0,NA,Reglugerð um friðunarsvæði við Ísland,http://www.reglugerd.is/interpro/dkm/WebGuard.nsf/2d8cdab9a540c73600256a0d0055eeb1/24d05c44a983604e002572c30030a382?OpenDocument
2007_310,3,3,temporary,630336,245551,2007,310,1,1,B,Mehlsack,2007-04-04,NA,0,0,0,0,1,1,0,0,0,NA,Reglugerð um friðunarsvæði við Ísland,http://www.reglugerd.is/interpro/dkm/WebGuard.nsf/2d8cdab9a540c73600256a0d0055eeb1/24d05c44a983604e002572c30030a382?OpenDocument
2007_310,3,4,temporary,631900,253200,2007,310,1,1,B,Mehlsack,2007-04-04,NA,0,0,0,0,1,1,0,0,0,NA,Reglugerð um friðunarsvæði við Ísland,http://www.reglugerd.is/interpro/dkm/WebGuard.nsf/2d8cdab9a540c73600256a0d0055eeb1/24d05c44a983604e002572c30030a382?OpenDocument
2007_310,3,5,temporary,632195,253965,2007,310,1,1,B,Mehlsack,2007-04-04,NA,0,0,0,0,1,1,0,0,0,NA,Reglugerð um friðunarsvæði við Ísland,http://www.reglugerd.is/interpro/dkm/WebGuard.nsf/2d8cdab9a540c73600256a0d0055eeb1/24d05c44a983604e002572c30030a382?OpenDocument
2007_310,4,1,temporary,631000,220000,2007,310,1,2,NA,Táin,2007-04-04,NA,0,0,0,0,1,1,0,0,0,NA,Reglugerð um friðunarsvæði við Ísland,http://www.reglugerd.is/interpro/dkm/WebGuard.nsf/2d8cdab9a540c73600256a0d0055eeb1/24d05c44a983604e002572c30030a382?OpenDocument
2007_310,4,2,temporary,630920,215550,2007,310,1,2,NA,Táin,2007-04-04,NA,0,0,0,0,1,1,0,0,0,NA,Reglugerð um friðunarsvæði við Ísland,http://www.reglugerd.is/interpro/dkm/WebGuard.nsf/2d8cdab9a540c73600256a0d0055eeb1/24d05c44a983604e002572c30030a382?OpenDocument
2007_310,4,3,temporary,630540,220900,2007,310,1,2,NA,Táin,2007-04-04,NA,0,0,0,0,1,1,0,0,0,NA,Reglugerð um friðunarsvæði við Ísland,http://www.reglugerd.is/interpro/dkm/WebGuard.nsf/2d8cdab9a540c73600256a0d0055eeb1/24d05c44a983604e002572c30030a382?OpenDocument
2007_310,4,4,temporary,630280,222350,2007,310,1,2,NA,Táin,2007-04-04,NA,0,0,0,0,1,1,0,0,0,NA,Reglugerð um friðunarsvæði við Ísland,http://www.reglugerd.is/interpro/dkm/WebGuard.nsf/2d8cdab9a540c73600256a0d0055eeb1/24d05c44a983604e002572c30030a382?OpenDocument
2007_310,4,5,temporary,630300,223100,2007,310,1,2,NA,Táin,2007-04-04,NA,0,0,0,0,1,1,0,0,0,NA,Reglugerð um friðunarsvæði við Ísland,http://www.reglugerd.is/interpro/dkm/WebGuard.nsf/2d8cdab9a540c73600256a0d0055eeb1/24d05c44a983604e002572c30030a382?OpenDocument
2007_310,4,6,temporary,630600,224100,2007,310,1,2,NA,Táin,2007-04-04,NA,0,0,0,0,1,1,0,0,0,NA,Reglugerð um friðunarsvæði við Ísland,http://www.reglugerd.is/interpro/dkm/WebGuard.nsf/2d8cdab9a540c73600256a0d0055eeb1/24d05c44a983604e002572c30030a382?OpenDocument
2007_310,4,7,temporary,630920,224600,2007,310,1,2,NA,Táin,2007-04-04,NA,0,0,0,0,1,1,0,0,0,NA,Reglugerð um friðunarsvæði við Ísland,http://www.reglugerd.is/interpro/dkm/WebGuard.nsf/2d8cdab9a540c73600256a0d0055eeb1/24d05c44a983604e002572c30030a382?OpenDocument
2007_310,4,8,temporary,631100,224200,2007,310,1,2,NA,Táin,2007-04-04,NA,0,0,0,0,1,1,0,0,0,NA,Reglugerð um friðunarsvæði við Ísland,http://www.reglugerd.is/interpro/dkm/WebGuard.nsf/2d8cdab9a540c73600256a0d0055eeb1/24d05c44a983604e002572c30030a382?OpenDocument
2007_310,4,9,temporary,630500,222400,2007,310,1,2,NA,Táin,2007-04-04,NA,0,0,0,0,1,1,0,0,0,NA,Reglugerð um friðunarsvæði við Ísland,http://www.reglugerd.is/interpro/dkm/WebGuard.nsf/2d8cdab9a540c73600256a0d0055eeb1/24d05c44a983604e002572c30030a382?OpenDocument
2007_310,5,1,permanent,641100,154250,2007,310,1,3,NA,Hrollaugseyjar,2007-04-04,NA,0,0,0,0,1,1,0,0,0,NA,Reglugerð um friðunarsvæði við Ísland,http://www.reglugerd.is/interpro/dkm/WebGuard.nsf/2d8cdab9a540c73600256a0d0055eeb1/24d05c44a983604e002572c30030a382?OpenDocument
2007_310,5,2,permanent,635770,152870,2007,310,1,3,NA,Hrollaugseyjar,2007-04-04,NA,0,0,0,0,1,1,0,0,0,NA,Reglugerð um friðunarsvæði við Ísland,http://www.reglugerd.is/interpro/dkm/WebGuard.nsf/2d8cdab9a540c73600256a0d0055eeb1/24d05c44a983604e002572c30030a382?OpenDocument
2007_310,5,3,permanent,635420,154650,2007,310,1,3,NA,Hrollaugseyjar,2007-04-04,NA,0,0,0,0,1,1,0,0,0,NA,Reglugerð um friðunarsvæði við Ísland,http://www.reglugerd.is/interpro/dkm/WebGuard.nsf/2d8cdab9a540c73600256a0d0055eeb1/24d05c44a983604e002572c30030a382?OpenDocument
2007_310,5,4,permanent,635400,155900,2007,310,1,3,NA,Hrollaugseyjar,2007-04-04,NA,0,0,0,0,1,1,0,0,0,NA,Reglugerð um friðunarsvæði við Ísland,http://www.reglugerd.is/interpro/dkm/WebGuard.nsf/2d8cdab9a540c73600256a0d0055eeb1/24d05c44a983604e002572c30030a382?OpenDocument
2007_310,5,5,permanent,640200,161120,2007,310,1,3,NA,Hrollaugseyjar,2007-04-04,NA,0,0,0,0,1,1,0,0,0,NA,Reglugerð um friðunarsvæði við Ísland,http://www.reglugerd.is/interpro/dkm/WebGuard.nsf/2d8cdab9a540c73600256a0d0055eeb1/24d05c44a983604e002572c30030a382?OpenDocument
2007_310,6,1,temporary,663640,232200,2007,310,2,1,NA,Norður af Horni,2007-04-04,NA,1,0,0,0,1,1,0,0,0,NA,Reglugerð um friðunarsvæði við Ísland,http://www.reglugerd.is/interpro/dkm/WebGuard.nsf/2d8cdab9a540c73600256a0d0055eeb1/24d05c44a983604e002572c30030a382?OpenDocument
2007_310,6,2,temporary,664250,234250,2007,310,2,1,NA,Norður af Horni,2007-04-04,NA,1,0,0,0,1,1,0,0,0,NA,Reglugerð um friðunarsvæði við Ísland,http://www.reglugerd.is/interpro/dkm/WebGuard.nsf/2d8cdab9a540c73600256a0d0055eeb1/24d05c44a983604e002572c30030a382?OpenDocument
2007_310,6,3,temporary,665750,220000,2007,310,2,1,NA,Norður af Horni,2007-04-04,NA,1,0,0,0,1,1,0,0,0,NA,Reglugerð um friðunarsvæði við Ísland,http://www.reglugerd.is/interpro/dkm/WebGuard.nsf/2d8cdab9a540c73600256a0d0055eeb1/24d05c44a983604e002572c30030a382?OpenDocument
2007_310,6,4,temporary,670200,220000,2007,310,2,1,NA,Norður af Horni,2007-04-04,NA,1,0,0,0,1,1,0,0,0,NA,Reglugerð um friðunarsvæði við Ísland,http://www.reglugerd.is/interpro/dkm/WebGuard.nsf/2d8cdab9a540c73600256a0d0055eeb1/24d05c44a983604e002572c30030a382?OpenDocument
2007_310,6,5,temporary,670294,214500,2007,310,2,1,NA,Norður af Horni,2007-04-04,NA,1,0,0,0,1,1,0,0,0,NA,Reglugerð um friðunarsvæði við Ísland,http://www.reglugerd.is/interpro/dkm/WebGuard.nsf/2d8cdab9a540c73600256a0d0055eeb1/24d05c44a983604e002572c30030a382?OpenDocument
2007_310,6,6,temporary,662920,214500,2007,310,2,1,NA,Norður af Horni,2007-04-04,NA,1,0,0,0,1,1,0,0,0,NA,Reglugerð um friðunarsvæði við Ísland,http://www.reglugerd.is/interpro/dkm/WebGuard.nsf/2d8cdab9a540c73600256a0d0055eeb1/24d05c44a983604e002572c30030a382?OpenDocument
2007_310,7,1,permanent,662920,214500,2007,310,2,2,NA,Norðaustur af Horni,2007-04-04,2007-10-03,1,0,0,0,1,1,0,0,0,R2007_883,Reglugerð um friðunarsvæði við Ísland,http://www.reglugerd.is/interpro/dkm/WebGuard.nsf/2d8cdab9a540c73600256a0d0055eeb1/24d05c44a983604e002572c30030a382?OpenDocument
2007_310,7,2,permanent,670295,214500,2007,310,2,2,NA,Norðaustur af Horni,2007-04-04,2007-10-03,1,0,0,0,1,1,0,0,0,R2007_883,Reglugerð um friðunarsvæði við Ísland,http://www.reglugerd.is/interpro/dkm/WebGuard.nsf/2d8cdab9a540c73600256a0d0055eeb1/24d05c44a983604e002572c30030a382?OpenDocument
2007_310,7,3,permanent,670650,204850,2007,310,2,2,NA,Norðaustur af Horni,2007-04-04,2007-10-03,1,0,0,0,1,1,0,0,0,R2007_883,Reglugerð um friðunarsvæði við Ísland,http://www.reglugerd.is/interpro/dkm/WebGuard.nsf/2d8cdab9a540c73600256a0d0055eeb1/24d05c44a983604e002572c30030a382?OpenDocument
2007_310,7,4,permanent,670400,204200,2007,310,2,2,NA,Norðaustur af Horni,2007-04-04,2007-10-03,1,0,0,0,1,1,0,0,0,R2007_883,Reglugerð um friðunarsvæði við Ísland,http://www.reglugerd.is/interpro/dkm/WebGuard.nsf/2d8cdab9a540c73600256a0d0055eeb1/24d05c44a983604e002572c30030a382?OpenDocument
2007_310,7,5,permanent,663450,211172,2007,310,2,2,NA,Norðaustur af Horni,2007-04-04,2007-10-03,1,0,0,0,1,1,0,0,0,R2007_883,Reglugerð um friðunarsvæði við Ísland,http://www.reglugerd.is/interpro/dkm/WebGuard.nsf/2d8cdab9a540c73600256a0d0055eeb1/24d05c44a983604e002572c30030a382?OpenDocument
2007_310,7,6,permanent,663643,204530,2007,310,2,2,NA,Norðaustur af Horni,2007-04-04,2007-10-03,1,0,0,0,1,1,0,0,0,R2007_883,Reglugerð um friðunarsvæði við Ísland,http://www.reglugerd.is/interpro/dkm/WebGuard.nsf/2d8cdab9a540c73600256a0d0055eeb1/24d05c44a983604e002572c30030a382?OpenDocument
2007_310,7,7,permanent,661980,204515,2007,310,2,2,NA,Norðaustur af Horni,2007-04-04,2007-10-03,1,0,0,0,1,1,0,0,0,R2007_883,Reglugerð um friðunarsvæði við Ísland,http://www.reglugerd.is/interpro/dkm/WebGuard.nsf/2d8cdab9a540c73600256a0d0055eeb1/24d05c44a983604e002572c30030a382?OpenDocument
2007_310,8,1,permanent,663442,202050,2007,310,2,3,NA,Sporðagrunn,2007-04-04,NA,1,0,0,0,1,1,0,0,0,NA,Reglugerð um friðunarsvæði við Ísland,http://www.reglugerd.is/interpro/dkm/WebGuard.nsf/2d8cdab9a540c73600256a0d0055eeb1/24d05c44a983604e002572c30030a382?OpenDocument
2007_310,8,2,permanent,663844,201667,2007,310,2,3,NA,Sporðagrunn,2007-04-04,NA,1,0,0,0,1,1,0,0,0,NA,Reglugerð um friðunarsvæði við Ísland,http://www.reglugerd.is/interpro/dkm/WebGuard.nsf/2d8cdab9a540c73600256a0d0055eeb1/24d05c44a983604e002572c30030a382?OpenDocument
2007_310,8,3,permanent,664737,195294,2007,310,2,3,NA,Sporðagrunn,2007-04-04,NA,1,0,0,0,1,1,0,0,0,NA,Reglugerð um friðunarsvæði við Ísland,http://www.reglugerd.is/interpro/dkm/WebGuard.nsf/2d8cdab9a540c73600256a0d0055eeb1/24d05c44a983604e002572c30030a382?OpenDocument
2007_310,8,4,permanent,665160,192189,2007,310,2,3,NA,Sporðagrunn,2007-04-04,NA,1,0,0,0,1,1,0,0,0,NA,Reglugerð um friðunarsvæði við Ísland,http://www.reglugerd.is/interpro/dkm/WebGuard.nsf/2d8cdab9a540c73600256a0d0055eeb1/24d05c44a983604e002572c30030a382?OpenDocument
2007_310,8,5,permanent,663832,192468,2007,310,2,3,NA,Sporðagrunn,2007-04-04,NA,1,0,0,0,1,1,0,0,0,NA,Reglugerð um friðunarsvæði við Ísland,http://www.reglugerd.is/interpro/dkm/WebGuard.nsf/2d8cdab9a540c73600256a0d0055eeb1/24d05c44a983604e002572c30030a382?OpenDocument
2007_310,9,1,permanent,662210,193230,2007,310,2,4,NA,Norðan Haganesvíkur,2007-04-04,NA,1,0,0,0,1,1,0,0,0,NA,Reglugerð um friðunarsvæði við Ísland,http://www.reglugerd.is/interpro/dkm/WebGuard.nsf/2d8cdab9a540c73600256a0d0055eeb1/24d05c44a983604e002572c30030a382?OpenDocument
2007_310,9,2,permanent,662699,193294,2007,310,2,4,NA,Norðan Haganesvíkur,2007-04-04,NA,1,0,0,0,1,1,0,0,0,NA,Reglugerð um friðunarsvæði við Ísland,http://www.reglugerd.is/interpro/dkm/WebGuard.nsf/2d8cdab9a540c73600256a0d0055eeb1/24d05c44a983604e002572c30030a382?OpenDocument
2007_310,9,3,permanent,662948,185876,2007,310,2,4,NA,Norðan Haganesvíkur,2007-04-04,NA,1,0,0,0,1,1,0,0,0,NA,Reglugerð um friðunarsvæði við Ísland,http://www.reglugerd.is/interpro/dkm/WebGuard.nsf/2d8cdab9a540c73600256a0d0055eeb1/24d05c44a983604e002572c30030a382?OpenDocument
2007_310,9,4,permanent,662398,185378,2007,310,2,4,NA,Norðan Haganesvíkur,2007-04-04,NA,1,0,0,0,1,1,0,0,0,NA,Reglugerð um friðunarsvæði við Ísland,http://www.reglugerd.is/interpro/dkm/WebGuard.nsf/2d8cdab9a540c73600256a0d0055eeb1/24d05c44a983604e002572c30030a382?OpenDocument
2007_310,11,1,permanent,663639,135727,2007,310,2,6,NA,Langanesgrunni,2007-04-04,NA,1,0,0,0,1,1,0,0,0,NA,Reglugerð um friðunarsvæði við Ísland,http://www.reglugerd.is/interpro/dkm/WebGuard.nsf/2d8cdab9a540c73600256a0d0055eeb1/24d05c44a983604e002572c30030a382?OpenDocument
2007_310,11,2,permanent,664053,134716,2007,310,2,6,NA,Langanesgrunni,2007-04-04,NA,1,0,0,0,1,1,0,0,0,NA,Reglugerð um friðunarsvæði við Ísland,http://www.reglugerd.is/interpro/dkm/WebGuard.nsf/2d8cdab9a540c73600256a0d0055eeb1/24d05c44a983604e002572c30030a382?OpenDocument
2007_310,11,3,permanent,663772,133758,2007,310,2,6,NA,Langanesgrunni,2007-04-04,NA,1,0,0,0,1,1,0,0,0,NA,Reglugerð um friðunarsvæði við Ísland,http://www.reglugerd.is/interpro/dkm/WebGuard.nsf/2d8cdab9a540c73600256a0d0055eeb1/24d05c44a983604e002572c30030a382?OpenDocument
2007_310,11,4,permanent,663181,134241,2007,310,2,6,NA,Langanesgrunni,2007-04-04,NA,1,0,0,0,1,1,0,0,0,NA,Reglugerð um friðunarsvæði við Ísland,http://www.reglugerd.is/interpro/dkm/WebGuard.nsf/2d8cdab9a540c73600256a0d0055eeb1/24d05c44a983604e002572c30030a382?OpenDocument
2007_310,11,5,permanent,662929,133941,2007,310,2,6,NA,Langanesgrunni,2007-04-04,NA,1,0,0,0,1,1,0,0,0,NA,Reglugerð um friðunarsvæði við Ísland,http://www.reglugerd.is/interpro/dkm/WebGuard.nsf/2d8cdab9a540c73600256a0d0055eeb1/24d05c44a983604e002572c30030a382?OpenDocument
2007_310,11,6,permanent,663828,131060,2007,310,2,6,NA,Langanesgrunni,2007-04-04,NA,1,0,0,0,1,1,0,0,0,NA,Reglugerð um friðunarsvæði við Ísland,http://www.reglugerd.is/interpro/dkm/WebGuard.nsf/2d8cdab9a540c73600256a0d0055eeb1/24d05c44a983604e002572c30030a382?OpenDocument
2007_310,11,7,permanent,664828,132879,2007,310,2,6,NA,Langanesgrunni,2007-04-04,NA,1,0,0,0,1,1,0,0,0,NA,Reglugerð um friðunarsvæði við Ísland,http://www.reglugerd.is/interpro/dkm/WebGuard.nsf/2d8cdab9a540c73600256a0d0055eeb1/24d05c44a983604e002572c30030a382?OpenDocument
2007_310,11,8,permanent,664829,134764,2007,310,2,6,NA,Langanesgrunni,2007-04-04,NA,1,0,0,0,1,1,0,0,0,NA,Reglugerð um friðunarsvæði við Ísland,http://www.reglugerd.is/interpro/dkm/WebGuard.nsf/2d8cdab9a540c73600256a0d0055eeb1/24d05c44a983604e002572c30030a382?OpenDocument
2007_310,11,9,permanent,665507,140134,2007,310,2,6,NA,Langanesgrunni,2007-04-04,NA,1,0,0,0,1,1,0,0,0,NA,Reglugerð um friðunarsvæði við Ísland,http://www.reglugerd.is/interpro/dkm/WebGuard.nsf/2d8cdab9a540c73600256a0d0055eeb1/24d05c44a983604e002572c30030a382?OpenDocument
2007_310,11,10,permanent,664000,141500,2007,310,2,6,NA,Langanesgrunni,2007-04-04,NA,1,0,0,0,1,1,0,0,0,NA,Reglugerð um friðunarsvæði við Ísland,http://www.reglugerd.is/interpro/dkm/WebGuard.nsf/2d8cdab9a540c73600256a0d0055eeb1/24d05c44a983604e002572c30030a382?OpenDocument
2007_310,12,1,permanent,661200,134800,2007,310,2,7,NA,Digranesflaki,NA,NA,1,0,0,0,1,1,0,0,0,NA,Reglugerð um friðunarsvæði við Ísland,http://www.reglugerd.is/interpro/dkm/WebGuard.nsf/2d8cdab9a540c73600256a0d0055eeb1/24d05c44a983604e002572c30030a382?OpenDocument
2007_310,12,2,permanent,662300,125100,2007,310,2,7,NA,Digranesflaki,NA,NA,1,0,0,0,1,1,0,0,0,NA,Reglugerð um friðunarsvæði við Ísland,http://www.reglugerd.is/interpro/dkm/WebGuard.nsf/2d8cdab9a540c73600256a0d0055eeb1/24d05c44a983604e002572c30030a382?OpenDocument
2007_310,12,3,permanent,661400,124000,2007,310,2,7,NA,Digranesflaki,NA,NA,1,0,0,0,1,1,0,0,0,NA,Reglugerð um friðunarsvæði við Ísland,http://www.reglugerd.is/interpro/dkm/WebGuard.nsf/2d8cdab9a540c73600256a0d0055eeb1/24d05c44a983604e002572c30030a382?OpenDocument
2007_310,12,4,permanent,660300,123680,2007,310,2,7,NA,Digranesflaki,NA,NA,1,0,0,0,1,1,0,0,0,NA,Reglugerð um friðunarsvæði við Ísland,http://www.reglugerd.is/interpro/dkm/WebGuard.nsf/2d8cdab9a540c73600256a0d0055eeb1/24d05c44a983604e002572c30030a382?OpenDocument
2007_310,12,5,permanent,660000,125180,2007,310,2,7,NA,Digranesflaki,NA,NA,1,0,0,0,1,1,0,0,0,NA,Reglugerð um friðunarsvæði við Ísland,http://www.reglugerd.is/interpro/dkm/WebGuard.nsf/2d8cdab9a540c73600256a0d0055eeb1/24d05c44a983604e002572c30030a382?OpenDocument
2007_310,12,6,permanent,655900,133400,2007,310,2,7,NA,Digranesflaki,NA,NA,1,0,0,0,1,1,0,0,0,NA,Reglugerð um friðunarsvæði við Ísland,http://www.reglugerd.is/interpro/dkm/WebGuard.nsf/2d8cdab9a540c73600256a0d0055eeb1/24d05c44a983604e002572c30030a382?OpenDocument
